Country,Item Type,Order Priority,Units Sold,Unit Price,Unit Cost,Year,Order Date
Iceland,Cereal,L,3637,205.7,117.11,2015,1-2-2015
Iceland,Clothes,L,508,109.28,35.84,2017,1-8-2017
Turkey,Cereal,H,1190,205.7,117.11,2017,1-4-2017
Iceland,Cereal,M,8017,205.7,117.11,2016,6-5-2016
Iceland,Cereal,H,8146,205.7,117.11,2016,2-1-2016
Norway,Meat,L,6281,421.89,364.69,2015,10-1-2015
Iceland,Cereal,L,6014,205.7,117.11,2015,2-9-2015
Turkey,Vegetables,C,6751,154.06,90.93,2015,10-6-2015
Norway,Clothes,H,6063,109.28,35.84,2015,8-9-2015
Germany,Clothes,L,5148,109.28,35.84,2015,4-1-2015
Finland,Vegetables,L,7869,154.06,90.93,2017,3-2-2017
Iceland,Meat,C,536,421.89,364.69,2016,3-11-2016
Iceland,Clothes,M,9138,109.28,35.84,2015,1-11-2015
Finland,Meat,C,4652,421.89,364.69,2015,1-4-2015
Norway,Meat,H,2951,421.89,364.69,2015,9-8-2015
Finland,Clothes,C,7280,109.28,35.84,2016,2-9-2016
Iceland,Meat,H,9852,421.89,364.69,2016,8-2-2016
Turkey,Clothes,M,4413,109.28,35.84,2015,12-9-2015
Finland,Cereal,H,1836,205.7,117.11,2017,1-5-2017
Turkey,Cereal,L,9701,205.7,117.11,2015,3-4-2015
Norway,Clothes,H,7562,109.28,35.84,2017,4-4-2017
Turkey,Cereal,L,6521,205.7,117.11,2015,8-12-2015
Turkey,Clothes,C,1708,109.28,35.84,2016,12-11-2016
Turkey,Vegetables,M,2867,154.06,90.93,2015,10-3-2015
Finland,Vegetables,M,7050,154.06,90.93,2017,4-2-2017
Iceland,Vegetables,L,6965,154.06,90.93,2016,3-3-2016
Iceland,Meat,H,4958,421.89,364.69,2015,9-9-2015
Iceland,Cereal,H,5201,205.7,117.11,2015,11-4-2015
Germany,Cereal,H,7374,205.7,117.11,2017,3-3-2017
Turkey,Cereal,M,4955,205.7,117.11,2017,3-4-2017
Germany,Cereal,L,1506,205.7,117.11,2016,9-8-2016
Turkey,Vegetables,M,9921,154.06,90.93,2015,7-5-2015
Norway,Clothes,M,9504,109.28,35.84,2017,4-5-2017
Norway,Cereal,M,9421,205.7,117.11,2017,6-4-2017
Germany,Clothes,H,7456,109.28,35.84,2017,1-2-2017
Turkey,Vegetables,C,5305,154.06,90.93,2017,3-3-2017
Finland,Vegetables,C,468,154.06,90.93,2016,7-4-2016
Turkey,Cereal,L,4112,205.7,117.11,2017,4-1-2017
Germany,Vegetables,L,8513,154.06,90.93,2016,6-4-2016
Germany,Cereal,L,1972,205.7,117.11,2017,6-11-2017
Iceland,Meat,M,2508,421.89,364.69,2016,11-8-2016
Germany,Clothes,L,6111,109.28,35.84,2015,1-8-2015
Turkey,Cereal,L,4666,205.7,117.11,2017,3-12-2017
Finland,Cereal,M,3153,205.7,117.11,2015,12-12-2015
Norway,Meat,C,8614,421.89,364.69,2017,7-7-2017
Germany,Meat,M,8577,421.89,364.69,2015,8-11-2015
Iceland,Clothes,C,4987,109.28,35.84,2017,6-12-2017
Germany,Cereal,C,7752,205.7,117.11,2016,5-3-2016
Norway,Vegetables,M,2533,154.06,90.93,2017,5-5-2017
Germany,Meat,M,3501,421.89,364.69,2017,3-1-2017
Turkey,Cereal,M,7027,205.7,117.11,2016,11-2-2016
Turkey,Vegetables,L,4401,154.06,90.93,2015,12-7-2015
Germany,Meat,H,3601,421.89,364.69,2016,3-2-2016
Iceland,Clothes,L,1705,109.28,35.84,2016,2-9-2016
Turkey,Clothes,C,4672,109.28,35.84,2015,4-4-2015
Finland,Vegetables,H,5822,154.06,90.93,2017,7-6-2017
Germany,Vegetables,M,5373,154.06,90.93,2017,5-3-2017
Iceland,Vegetables,H,1564,154.06,90.93,2016,6-10-2016
Norway,Clothes,L,1695,109.28,35.84,2016,10-9-2016
Norway,Cereal,M,867,205.7,117.11,2016,1-7-2016
Turkey,Meat,C,3580,421.89,364.69,2017,2-12-2017
Iceland,Meat,C,9498,421.89,364.69,2017,6-5-2017
Iceland,Meat,C,8158,421.89,364.69,2016,2-3-2016
Turkey,Cereal,C,8125,205.7,117.11,2016,12-1-2016
Germany,Cereal,L,1476,205.7,117.11,2016,1-12-2016
Finland,Cereal,M,5385,205.7,117.11,2015,12-5-2015
Germany,Meat,L,8944,421.89,364.69,2017,5-12-2017
Finland,Meat,C,1849,421.89,364.69,2017,1-6-2017
Iceland,Vegetables,M,5737,154.06,90.93,2016,6-5-2016
Turkey,Clothes,M,1844,109.28,35.84,2017,4-3-2017
Norway,Vegetables,C,343,154.06,90.93,2015,6-8-2015
Iceland,Clothes,H,6215,109.28,35.84,2017,3-10-2017
Germany,Cereal,L,3956,205.7,117.11,2015,7-9-2015
Iceland,Clothes,C,5879,109.28,35.84,2016,2-4-2016
Turkey,Clothes,C,2849,109.28,35.84,2015,2-6-2015
Finland,Clothes,C,1423,109.28,35.84,2015,6-9-2015
Turkey,Clothes,H,559,109.28,35.84,2016,8-1-2016
Germany,Clothes,C,8213,109.28,35.84,2015,5-5-2015
Germany,Meat,L,1015,421.89,364.69,2017,1-9-2017
Iceland,Clothes,H,7338,109.28,35.84,2017,4-11-2017
Finland,Clothes,C,5834,109.28,35.84,2017,7-7-2017
Finland,Meat,M,36,421.89,364.69,2016,9-2-2016
Turkey,Meat,H,7913,421.89,364.69,2017,6-3-2017
Finland,Vegetables,M,8012,154.06,90.93,2017,1-9-2017
Norway,Meat,C,2132,421.89,364.69,2015,10-9-2015
Finland,Clothes,L,5338,109.28,35.84,2016,2-7-2016
Germany,Vegetables,M,4966,154.06,90.93,2015,2-12-2015
Turkey,Cereal,H,2796,205.7,117.11,2015,12-3-2015
Iceland,Cereal,L,9302,205.7,117.11,2017,2-5-2017
Germany,Cereal,L,1258,205.7,117.11,2017,3-6-2017
Norway,Vegetables,M,3513,154.06,90.93,2015,3-7-2015
Norway,Clothes,H,4151,109.28,35.84,2016,4-3-2016
Norway,Cereal,H,5248,205.7,117.11,2017,6-9-2017
Norway,Clothes,M,644,109.28,35.84,2015,6-1-2015
Norway,Clothes,C,7315,109.28,35.84,2015,5-9-2015
Norway,Clothes,L,1930,109.28,35.84,2016,2-1-2016
Germany,Cereal,M,8571,205.7,117.11,2016,4-2-2016
Turkey,Clothes,M,7110,109.28,35.84,2016,9-3-2016
Norway,Clothes,C,4369,109.28,35.84,2015,2-9-2015
Germany,Meat,H,4434,421.89,364.69,2016,4-12-2016
Norway,Clothes,M,236,109.28,35.84,2015,8-4-2015
Norway,Cereal,C,520,205.7,117.11,2017,7-4-2017
Germany,Cereal,L,3738,205.7,117.11,2016,9-1-2016
Finland,Vegetables,M,7298,154.06,90.93,2016,10-5-2016
Turkey,Cereal,H,1904,205.7,117.11,2017,4-11-2017
Germany,Vegetables,M,3141,154.06,90.93,2017,5-10-2017
Finland,Cereal,M,5225,205.7,117.11,2015,8-11-2015
Norway,Meat,M,3607,421.89,364.69,2017,6-1-2017
Germany,Cereal,C,5650,205.7,117.11,2016,1-7-2016
Norway,Cereal,H,5656,205.7,117.11,2017,4-7-2017
Norway,Meat,M,2516,421.89,364.69,2015,8-3-2015
Turkey,Clothes,H,3668,109.28,35.84,2015,1-6-2015
Norway,Vegetables,C,9203,154.06,90.93,2017,4-12-2017
Turkey,Vegetables,M,2210,154.06,90.93,2016,6-2-2016
Germany,Clothes,M,8654,109.28,35.84,2016,2-2-2016
Germany,Cereal,L,4452,205.7,117.11,2016,12-6-2016
Finland,Vegetables,H,9034,154.06,90.93,2015,5-1-2015
Germany,Cereal,M,2261,205.7,117.11,2017,6-2-2017
Norway,Meat,H,1754,421.89,364.69,2016,8-8-2016
Norway,Clothes,H,366,109.28,35.84,2015,4-2-2015
Germany,Clothes,L,3790,109.28,35.84,2015,11-6-2015
Turkey,Vegetables,H,6213,154.06,90.93,2016,4-11-2016
Turkey,Meat,C,5097,421.89,364.69,2016,11-1-2016
Germany,Vegetables,M,7693,154.06,90.93,2016,7-5-2016
Iceland,Meat,C,8624,421.89,364.69,2016,11-5-2016
Germany,Clothes,C,5981,109.28,35.84,2015,5-12-2015
Norway,Vegetables,L,224,154.06,90.93,2015,8-2-2015
Norway,Vegetables,L,7278,154.06,90.93,2015,5-5-2015
Germany,Meat,L,519,421.89,364.69,2015,8-12-2015
Germany,Meat,M,6536,421.89,364.69,2016,8-7-2016
Norway,Clothes,M,6807,109.28,35.84,2016,7-10-2016
Finland,Clothes,M,9718,109.28,35.84,2017,7-11-2017
Iceland,Clothes,L,2114,109.28,35.84,2015,12-7-2015
Finland,Vegetables,L,8584,154.06,90.93,2017,6-7-2017
Finland,Clothes,M,2038,109.28,35.84,2016,9-12-2016
Germany,Meat,M,5543,421.89,364.69,2016,3-3-2016
Finland,Cereal,L,8684,205.7,117.11,2015,5-2-2015
Finland,Meat,L,1029,421.89,364.69,2017,2-6-2017
Finland,Meat,H,9540,421.89,364.69,2015,4-6-2015
Norway,Meat,H,4074,421.89,364.69,2015,10-10-2015
Finland,Clothes,L,7658,109.28,35.84,2015,4-11-2015
Germany,Cereal,C,8130,205.7,117.11,2015,7-4-2015
Finland,Meat,C,2257,421.89,364.69,2016,11-4-2016
Norway,Cereal,M,8082,205.7,117.11,2016,2-2-2016
Germany,Vegetables,H,4847,154.06,90.93,2015,4-8-2015
Germany,Meat,H,4345,421.89,364.69,2017,2-1-2017
Turkey,Cereal,C,8840,205.7,117.11,2017,3-7-2017
Germany,Cereal,C,3914,205.7,117.11,2017,6-12-2017
Turkey,Cereal,H,1030,205.7,117.11,2016,9-11-2016
Finland,Vegetables,L,1152,154.06,90.93,2016,2-11-2016
Iceland,Meat,H,566,421.89,364.69,2016,11-6-2016
Turkey,Vegetables,C,5629,154.06,90.93,2015,9-3-2015
Turkey,Cereal,C,1568,205.7,117.11,2016,3-7-2016
Finland,Vegetables,H,3125,154.06,90.93,2016,10-10-2016
Finland,Meat,H,4931,421.89,364.69,2015,3-6-2015
Turkey,Meat,H,7039,421.89,364.69,2016,11-3-2016
Germany,Clothes,L,3164,109.28,35.84,2017,3-3-2017
Germany,Clothes,M,1848,109.28,35.84,2015,11-4-2015
Norway,Cereal,M,8796,205.7,117.11,2016,5-9-2016
Finland,Clothes,M,4593,109.28,35.84,2015,3-8-2015
Germany,Vegetables,L,9227,154.06,90.93,2016,9-8-2016
Germany,Cereal,L,2864,205.7,117.11,2016,2-2-2016
Germany,Meat,H,2114,421.89,364.69,2017,2-8-2017
Iceland,Cereal,M,7857,205.7,117.11,2016,2-10-2016
Germany,Cereal,L,6115,205.7,117.11,2016,10-8-2016
Norway,Cereal,H,5980,205.7,117.11,2015,10-8-2015
Germany,Cereal,M,9534,205.7,117.11,2016,1-10-2016
Turkey,Vegetables,H,7322,154.06,90.93,2016,3-3-2016
Germany,Clothes,C,5820,109.28,35.84,2017,6-9-2017
Finland,Clothes,C,6317,109.28,35.84,2016,5-2-2016
Iceland,Cereal,M,8323,205.7,117.11,2016,11-12-2016
Germany,Clothes,M,8903,109.28,35.84,2015,8-7-2015
Finland,Cereal,C,9429,205.7,117.11,2016,4-2-2016
Turkey,Meat,M,8032,421.89,364.69,2017,4-9-2017
Finland,Clothes,L,8124,109.28,35.84,2016,1-12-2016
Norway,Cereal,M,9918,205.7,117.11,2016,6-10-2016
Iceland,Vegetables,L,9037,154.06,90.93,2015,11-1-2015
Finland,Cereal,C,1341,205.7,117.11,2015,8-8-2015
Finland,Meat,M,5019,421.89,364.69,2016,10-5-2016
Norway,Vegetables,H,9717,154.06,90.93,2016,10-3-2016
Norway,Cereal,H,4534,205.7,117.11,2017,3-5-2017
Norway,Vegetables,C,1292,154.06,90.93,2015,1-4-2015
Norway,Clothes,C,2923,109.28,35.84,2016,7-7-2016
Iceland,Meat,H,3352,421.89,364.69,2016,10-11-2016
Norway,Cereal,M,402,205.7,117.11,2015,4-6-2015
Finland,Vegetables,C,1897,154.06,90.93,2017,1-12-2017
Germany,Cereal,L,3708,205.7,117.11,2016,1-5-2016
Turkey,Clothes,H,865,109.28,35.84,2017,1-8-2017
Iceland,Clothes,H,549,109.28,35.84,2015,2-4-2015
Finland,Vegetables,L,2261,154.06,90.93,2016,1-3-2016
Iceland,Cereal,H,6075,205.7,117.11,2016,6-3-2016
Germany,Cereal,L,4905,205.7,117.11,2015,2-4-2015
Iceland,Cereal,H,5418,205.7,117.11,2017,2-1-2017
Germany,Meat,M,7002,421.89,364.69,2017,5-10-2017
Iceland,Cereal,M,9840,205.7,117.11,2016,8-1-2016
Norway,Clothes,L,2892,109.28,35.84,2015,11-10-2015
Germany,Cereal,M,1765,205.7,117.11,2016,1-3-2016
Iceland,Clothes,L,4434,109.28,35.84,2015,2-8-2015
Norway,Cereal,H,8460,205.7,117.11,2015,4-4-2015
Finland,Clothes,L,4930,109.28,35.84,2016,4-11-2016
Finland,Cereal,C,7446,205.7,117.11,2015,10-12-2015
Turkey,Clothes,L,9301,109.28,35.84,2016,3-9-2016
Norway,Clothes,C,4746,109.28,35.84,2016,9-2-2016
Turkey,Cereal,C,1071,205.7,117.11,2017,3-1-2017
Norway,Meat,C,8937,421.89,364.69,2016,1-7-2016
Iceland,Clothes,H,5749,109.28,35.84,2016,6-7-2016
Norway,Clothes,L,2587,109.28,35.84,2015,6-3-2015
Turkey,Clothes,C,9654,109.28,35.84,2015,5-7-2015
Germany,Meat,H,4098,421.89,364.69,2015,3-9-2015
Iceland,Vegetables,H,1258,154.06,90.93,2016,1-2-2016
Iceland,Vegetables,M,5272,154.06,90.93,2015,9-3-2015
Norway,Vegetables,C,8648,154.06,90.93,2017,5-2-2017
Germany,Vegetables,C,8353,154.06,90.93,2016,2-9-2016
Turkey,Meat,H,1431,421.89,364.69,2015,9-5-2015
Turkey,Meat,L,3403,421.89,364.69,2016,5-4-2016
Norway,Meat,L,9315,421.89,364.69,2015,3-9-2015
Germany,Clothes,L,4127,109.28,35.84,2016,12-10-2016
Turkey,Meat,H,6573,421.89,364.69,2016,2-1-2016
Germany,Clothes,L,2668,109.28,35.84,2015,10-5-2015
Germany,Clothes,M,2433,109.28,35.84,2016,6-12-2016
Norway,Meat,H,2468,421.89,364.69,2016,11-12-2016
Turkey,Vegetables,M,9761,154.06,90.93,2015,3-11-2015
Germany,Vegetables,M,4469,154.06,90.93,2016,2-6-2016
Turkey,Vegetables,C,7465,154.06,90.93,2016,1-10-2016
Norway,Vegetables,H,9557,154.06,90.93,2016,6-9-2016
Germany,Vegetables,H,791,154.06,90.93,2017,7-11-2017
Turkey,Cereal,C,9980,205.7,117.11,2015,5-3-2015
Finland,Cereal,L,4057,205.7,117.11,2017,3-8-2017
Turkey,Meat,L,5723,421.89,364.69,2015,7-7-2015
Germany,Meat,C,8961,421.89,364.69,2015,6-5-2015
Finland,Meat,L,638,421.89,364.69,2015,5-5-2015
Finland,Cereal,C,8785,205.7,117.11,2017,2-11-2017
Iceland,Vegetables,L,4734,154.06,90.93,2016,3-9-2016
Norway,Clothes,M,6399,109.28,35.84,2016,9-12-2016
Finland,Vegetables,C,3738,154.06,90.93,2015,4-3-2015
Turkey,Meat,M,3373,421.89,364.69,2015,9-7-2015
Turkey,Meat,C,5594,421.89,364.69,2015,11-8-2015
Finland,Clothes,M,4753,109.28,35.84,2015,7-2-2015
Norway,Meat,C,7026,421.89,364.69,2016,9-1-2016
Finland,Cereal,L,2775,205.7,117.11,2016,10-11-2016
Iceland,Cereal,C,295,205.7,117.11,2017,7-11-2017
Norway,Vegetables,C,1217,154.06,90.93,2016,1-6-2016
Iceland,Meat,L,6522,421.89,364.69,2016,7-10-2016
Norway,Meat,C,8223,421.89,364.69,2015,10-3-2015
Norway,Vegetables,C,2006,154.06,90.93,2015,4-10-2015
Finland,Cereal,H,8425,205.7,117.11,2016,1-5-2016
Iceland,Vegetables,L,6340,154.06,90.93,2015,2-5-2015
Germany,Meat,H,3720,421.89,364.69,2016,1-6-2016
Iceland,Cereal,C,4439,205.7,117.11,2016,11-8-2016
Germany,Vegetables,M,5462,154.06,90.93,2016,7-12-2016
Norway,Cereal,C,5626,205.7,117.11,2016,8-9-2016
Norway,Clothes,M,8470,109.28,35.84,2016,5-12-2016
Iceland,Vegetables,C,1227,154.06,90.93,2015,5-7-2015
Norway,Vegetables,M,301,154.06,90.93,2017,5-12-2017
Turkey,Cereal,L,8592,205.7,117.11,2015,4-12-2015
Iceland,Vegetables,H,3170,154.06,90.93,2015,5-9-2015
Iceland,Meat,H,9941,421.89,364.69,2015,10-12-2015
Turkey,Vegetables,H,6839,154.06,90.93,2017,5-8-2017
Norway,Clothes,L,4015,109.28,35.84,2015,12-12-2015
Turkey,Cereal,H,4459,205.7,117.11,2015,10-5-2015
Germany,Clothes,H,212,109.28,35.84,2016,4-11-2016
Norway,Clothes,M,3270,109.28,35.84,2015,1-10-2015
Germany,Vegetables,M,7444,154.06,90.93,2017,1-1-2017
Iceland,Clothes,M,6977,109.28,35.84,2016,3-4-2016
Iceland,Clothes,L,3471,109.28,35.84,2015,5-2-2015
Norway,Vegetables,C,2415,154.06,90.93,2015,2-5-2015
Finland,Meat,L,2386,421.89,364.69,2016,7-2-2016
Finland,Clothes,M,3556,109.28,35.84,2016,6-1-2016
Norway,Clothes,C,6352,109.28,35.84,2015,8-1-2015
Germany,Vegetables,H,2557,154.06,90.93,2016,10-1-2016
Finland,Clothes,M,4021,109.28,35.84,2017,3-3-2017
Norway,Vegetables,H,8608,154.06,90.93,2016,11-12-2016
Finland,Cereal,H,9299,205.7,117.11,2016,8-4-2016
Iceland,Vegetables,H,2921,154.06,90.93,2015,11-5-2015
Germany,Vegetables,L,6411,154.06,90.93,2016,2-8-2016
Germany,Meat,C,9706,421.89,364.69,2016,5-6-2016
Finland,Vegetables,H,5680,154.06,90.93,2015,4-5-2015
Turkey,Meat,C,5811,421.89,364.69,2017,2-6-2017
Turkey,Clothes,M,5447,109.28,35.84,2016,11-1-2016
Finland,Meat,C,3206,421.89,364.69,2016,6-2-2016
Germany,Meat,M,6128,421.89,364.69,2016,10-10-2016
Finland,Vegetables,M,1282,154.06,90.93,2015,10-10-2015
Norway,Meat,L,7709,421.89,364.69,2016,4-10-2016
Iceland,Clothes,L,9793,109.28,35.84,2016,10-4-2016
Norway,Vegetables,H,1788,154.06,90.93,2016,6-3-2016
Finland,Meat,C,9369,421.89,364.69,2017,7-12-2017
Iceland,Meat,H,2012,421.89,364.69,2015,6-11-2015
Finland,Clothes,M,2987,109.28,35.84,2016,4-9-2016
Iceland,Meat,L,7880,421.89,364.69,2015,12-4-2015
Norway,Clothes,M,9753,109.28,35.84,2016,10-8-2016
Finland,Meat,C,7598,421.89,364.69,2015,4-4-2015
Iceland,Meat,H,8654,421.89,364.69,2017,7-3-2017
Norway,Vegetables,H,4357,154.06,90.93,2015,2-7-2015
Turkey,Cereal,M,7276,205.7,117.11,2016,5-6-2016
Iceland,Clothes,H,8943,109.28,35.84,2016,3-9-2016
Norway,Cereal,L,898,205.7,117.11,2016,9-3-2016
Turkey,Vegetables,H,7411,154.06,90.93,2015,5-12-2015
Iceland,Cereal,H,467,205.7,117.11,2015,4-5-2015
Finland,Meat,H,5148,421.89,364.69,2016,6-3-2016
Norway,Cereal,C,4286,205.7,117.11,2015,4-9-2015
Turkey,Vegetables,L,4649,154.06,90.93,2015,6-10-2015
Iceland,Clothes,H,5284,109.28,35.84,2015,9-5-2015
Finland,Vegetables,L,8992,154.06,90.93,2017,4-4-2017
Norway,Clothes,M,8879,109.28,35.84,2016,3-10-2016
Norway,Meat,L,6835,421.89,364.69,2015,9-11-2015
Finland,Meat,L,1512,421.89,364.69,2015,12-3-2015
Norway,Cereal,C,3146,205.7,117.11,2017,2-12-2017
Iceland,Vegetables,M,3417,154.06,90.93,2017,4-3-2017
Norway,Meat,M,2573,421.89,364.69,2016,7-8-2016
Iceland,Vegetables,M,1594,154.06,90.93,2017,2-5-2017
Norway,Meat,L,5172,421.89,364.69,2015,11-9-2015
Germany,Cereal,M,1636,205.7,117.11,2016,5-6-2016
Finland,Cereal,H,337,205.7,117.11,2015,5-12-2015
Iceland,Meat,M,4363,421.89,364.69,2015,4-10-2015
Finland,Meat,M,284,421.89,364.69,2016,3-7-2016
Finland,Clothes,H,8974,109.28,35.84,2016,8-8-2016
Iceland,Meat,M,4114,421.89,364.69,2015,10-7-2015
Norway,Cereal,C,4038,205.7,117.11,2015,10-6-2015
Iceland,Meat,M,6594,421.89,364.69,2015,4-3-2015
Germany,Clothes,H,6801,109.28,35.84,2015,4-11-2015
Turkey,Clothes,H,2936,109.28,35.84,2016,9-8-2016
Iceland,Clothes,C,6593,109.28,35.84,2016,5-10-2016
Turkey,Clothes,M,3699,109.28,35.84,2015,9-3-2015
Finland,Clothes,H,828,109.28,35.84,2015,1-8-2015
Iceland,Clothes,M,389,109.28,35.84,2017,3-5-2017
Turkey,Cereal,M,7116,205.7,117.11,2016,1-11-2016
Norway,Meat,C,7331,421.89,364.69,2017,2-8-2017
Norway,Vegetables,L,8867,154.06,90.93,2016,3-8-2016
Iceland,Meat,H,3046,421.89,364.69,2016,5-4-2016
Turkey,Vegetables,C,6094,154.06,90.93,2016,6-5-2016
Norway,Vegetables,C,560,154.06,90.93,2016,9-5-2016
Turkey,Meat,H,8162,421.89,364.69,2016,12-6-2016
Norway,Clothes,M,9127,109.28,35.84,2015,9-12-2015
Iceland,Vegetables,C,5478,154.06,90.93,2017,2-9-2017
Germany,Clothes,M,726,109.28,35.84,2015,10-3-2015
Germany,Cereal,L,762,205.7,117.11,2015,10-7-2015
Finland,Meat,H,3791,421.89,364.69,2017,1-8-2017
Finland,Meat,H,4199,421.89,364.69,2016,11-5-2016
Turkey,Clothes,L,8586,109.28,35.84,2015,12-4-2015
Iceland,Cereal,C,5170,205.7,117.11,2015,3-9-2015
Turkey,Vegetables,M,9903,154.06,90.93,2017,6-11-2017
Turkey,Cereal,M,3846,205.7,117.11,2017,4-12-2017
Turkey,Vegetables,H,7571,154.06,90.93,2015,9-5-2015
Germany,Clothes,H,9777,109.28,35.84,2016,3-6-2016
Norway,Clothes,C,3637,109.28,35.84,2016,10-11-2016
Finland,Clothes,M,5219,109.28,35.84,2016,4-3-2016
Iceland,Clothes,M,9923,109.28,35.84,2016,6-2-2016
Iceland,Meat,H,8086,421.89,364.69,2017,5-12-2017
Germany,Clothes,C,7426,109.28,35.84,2016,5-7-2016
Iceland,Clothes,M,2083,109.28,35.84,2015,4-11-2015
Finland,Clothes,M,2273,109.28,35.84,2016,1-4-2016
Norway,Meat,C,295,421.89,364.69,2015,6-2-2015
Germany,Meat,L,1877,421.89,364.69,2015,1-6-2015
Turkey,Vegetables,H,9642,154.06,90.93,2015,5-6-2015
Norway,Clothes,L,8252,109.28,35.84,2017,7-6-2017
Finland,Vegetables,C,1648,154.06,90.93,2017,7-11-2017
Norway,Meat,M,6176,421.89,364.69,2016,2-5-2016
Finland,Cereal,M,2905,205.7,117.11,2016,6-8-2016
Iceland,Cereal,H,58,205.7,117.11,2015,6-8-2015
Turkey,Clothes,L,8835,109.28,35.84,2015,6-7-2015
Norway,Cereal,L,5290,205.7,117.11,2015,7-6-2015
Norway,Vegetables,H,125,154.06,90.93,2016,8-1-2016
Norway,Clothes,C,3872,109.28,35.84,2016,2-3-2016
Norway,Vegetables,H,9468,154.06,90.93,2017,4-1-2017
Norway,Cereal,H,8211,205.7,117.11,2015,10-1-2015
Germany,Cereal,L,5779,205.7,117.11,2015,9-4-2015
Norway,Meat,H,574,421.89,364.69,2015,8-1-2015
Turkey,Meat,C,6060,421.89,364.69,2016,8-10-2016
Germany,Cereal,M,2102,205.7,117.11,2017,2-6-2017
Norway,Meat,M,1376,421.89,364.69,2017,6-7-2017
Norway,Clothes,M,7756,109.28,35.84,2016,2-6-2016
Iceland,Cereal,H,6789,205.7,117.11,2016,9-7-2016
Turkey,Meat,C,6951,421.89,364.69,2015,4-3-2015
Germany,Vegetables,H,5808,154.06,90.93,2017,6-8-2017
Germany,Meat,C,9676,421.89,364.69,2015,9-9-2015
Turkey,Cereal,C,6054,205.7,117.11,2017,4-3-2017
Germany,Cereal,M,177,205.7,117.11,2015,3-1-2015
Norway,Meat,M,5927,421.89,364.69,2016,8-3-2016
Norway,Meat,M,4893,421.89,364.69,2015,9-10-2015
Iceland,Cereal,L,9799,205.7,117.11,2016,2-11-2016
Norway,Clothes,M,7273,109.28,35.84,2017,4-12-2017
Turkey,Cereal,L,8752,205.7,117.11,2015,8-6-2015
Germany,Meat,M,8856,421.89,364.69,2015,10-10-2015
Finland,Cereal,M,2190,205.7,117.11,2016,3-4-2016
Germany,Cereal,C,4776,205.7,117.11,2015,6-8-2015
Finland,Meat,C,4169,421.89,364.69,2016,3-10-2016
Finland,Meat,C,3295,421.89,364.69,2015,8-11-2015
Iceland,Meat,M,4740,421.89,364.69,2016,11-1-2016
Finland,Vegetables,C,60,154.06,90.93,2016,9-5-2016
Germany,Meat,H,3471,421.89,364.69,2016,7-4-2016
Iceland,Vegetables,H,601,154.06,90.93,2016,9-2-2016
Germany,Meat,L,550,421.89,364.69,2016,4-8-2016
Norway,Vegetables,H,679,154.06,90.93,2016,7-12-2016
Norway,Cereal,C,3323,205.7,117.11,2015,7-2-2015
Iceland,Cereal,H,7521,205.7,117.11,2015,1-6-2015
Turkey,Cereal,C,9572,205.7,117.11,2015,7-6-2015
Norway,Vegetables,M,6299,154.06,90.93,2015,2-9-2015
Iceland,Cereal,C,3259,205.7,117.11,2015,11-2-2015
Norway,Cereal,L,3932,205.7,117.11,2016,2-10-2016
Finland,Vegetables,M,7622,154.06,90.93,2015,4-7-2015
Finland,Cereal,H,6979,205.7,117.11,2017,6-3-2017
Germany,Vegetables,H,2775,154.06,90.93,2015,8-9-2015
Norway,Clothes,C,2514,109.28,35.84,2016,9-9-2016
Finland,Meat,C,3703,421.89,364.69,2015,6-8-2015
Turkey,Cereal,L,6898,205.7,117.11,2017,3-6-2017
Turkey,Vegetables,H,8445,154.06,90.93,2016,4-4-2016
Turkey,Vegetables,L,2795,154.06,90.93,2017,1-8-2017
Turkey,Cereal,M,4081,205.7,117.11,2016,8-4-2016
Germany,Cereal,H,7928,205.7,117.11,2017,2-11-2017
Finland,Vegetables,H,7516,154.06,90.93,2015,8-12-2015
Germany,Meat,C,3819,421.89,364.69,2015,1-7-2015
Iceland,Cereal,L,9711,205.7,117.11,2016,12-3-2016
Turkey,Meat,C,954,421.89,364.69,2017,7-5-2017
Turkey,Vegetables,M,853,154.06,90.93,2017,1-7-2017
Iceland,Vegetables,M,4149,154.06,90.93,2015,8-2-2015
Iceland,Cereal,C,3099,205.7,117.11,2015,7-9-2015
Norway,Meat,L,4675,421.89,364.69,2016,11-2-2016
Iceland,Cereal,M,4072,205.7,117.11,2015,2-7-2015
Germany,Cereal,C,4527,205.7,117.11,2015,12-5-2015
Turkey,Vegetables,M,9513,154.06,90.93,2015,9-7-2015
Finland,Meat,C,975,421.89,364.69,2016,6-8-2016
Iceland,Vegetables,M,6146,154.06,90.93,2016,4-3-2016
Finland,Cereal,H,8891,205.7,117.11,2016,10-7-2016
Finland,Vegetables,L,9955,154.06,90.93,2017,1-11-2017
Norway,Vegetables,H,9965,154.06,90.93,2016,4-7-2016
Finland,Vegetables,C,3254,154.06,90.93,2016,6-7-2016
Germany,Cereal,H,408,205.7,117.11,2016,8-9-2016
Turkey,Vegetables,M,7907,154.06,90.93,2016,10-9-2016
Turkey,Cereal,M,5918,205.7,117.11,2016,12-11-2016
Norway,Cereal,M,7598,205.7,117.11,2017,4-8-2017
Norway,Vegetables,C,9846,154.06,90.93,2016,6-1-2016
Germany,Meat,H,5761,421.89,364.69,2015,1-9-2015
Iceland,Meat,H,2172,421.89,364.69,2015,10-5-2015
Germany,Cereal,H,6629,205.7,117.11,2016,4-1-2016
Finland,Clothes,L,3266,109.28,35.84,2016,6-9-2016
Finland,Vegetables,M,6641,154.06,90.93,2017,6-5-2017
Turkey,Vegetables,L,2489,154.06,90.93,2016,8-1-2016
Iceland,Meat,H,9692,421.89,364.69,2016,4-8-2016
Norway,Meat,H,165,421.89,364.69,2015,10-4-2015
Turkey,Cereal,L,9377,205.7,117.11,2016,9-1-2016
Turkey,Cereal,M,3616,205.7,117.11,2015,11-2-2015
Turkey,Meat,C,7666,421.89,364.69,2015,7-9-2015
Iceland,Vegetables,H,1475,154.06,90.93,2017,4-2-2017
Finland,Meat,C,4634,421.89,364.69,2016,12-11-2016
Turkey,Meat,L,2938,421.89,364.69,2015,8-2-2015
Finland,Meat,M,7587,421.89,364.69,2015,6-12-2015
Germany,Meat,M,7893,421.89,364.69,2016,1-1-2016
Germany,Clothes,C,7835,109.28,35.84,2016,3-4-2016
Norway,Vegetables,L,9115,154.06,90.93,2015,9-11-2015
Turkey,Vegetables,C,8663,154.06,90.93,2015,2-10-2015
Germany,Cereal,H,8088,205.7,117.11,2017,6-7-2017
Norway,Meat,L,3318,421.89,364.69,2017,6-9-2017
Germany,Meat,C,1778,421.89,364.69,2016,1-5-2016
Turkey,Clothes,M,2807,109.28,35.84,2017,1-10-2017
Iceland,Clothes,H,8069,109.28,35.84,2015,8-10-2015
Iceland,Vegetables,M,1754,154.06,90.93,2017,6-1-2017
Iceland,Clothes,M,637,109.28,35.84,2016,9-6-2016
Germany,Cereal,C,3360,205.7,117.11,2017,7-2-2017
Finland,Vegetables,L,4581,154.06,90.93,2015,3-7-2015
Iceland,Clothes,M,5780,109.28,35.84,2017,2-2-2017
Germany,Meat,H,5059,421.89,364.69,2017,5-8-2017
Germany,Vegetables,M,4805,154.06,90.93,2017,3-12-2017
Norway,Meat,H,8719,421.89,364.69,2017,3-1-2017
Iceland,Clothes,M,886,109.28,35.84,2016,3-10-2016
Germany,Cereal,H,2728,205.7,117.11,2015,10-12-2015
Turkey,Vegetables,L,1131,154.06,90.93,2017,3-8-2017
Germany,Clothes,L,4286,109.28,35.84,2017,4-5-2017
Germany,Meat,M,8767,421.89,364.69,2016,8-1-2016
Turkey,Cereal,C,1408,205.7,117.11,2015,11-12-2015
Iceland,Meat,L,2539,421.89,364.69,2017,7-6-2017
Turkey,Clothes,M,3929,109.28,35.84,2017,2-11-2017
Turkey,Clothes,C,8457,109.28,35.84,2016,4-6-2016
Germany,Clothes,C,5106,109.28,35.84,2017,3-5-2017
Norway,Vegetables,M,6765,154.06,90.93,2015,11-12-2015
Germany,Meat,M,5077,421.89,364.69,2015,6-2-2015
Germany,Meat,M,8271,421.89,364.69,2015,3-4-2015
Norway,Clothes,H,4616,109.28,35.84,2017,1-4-2017
Finland,Vegetables,M,319,154.06,90.93,2016,1-1-2016
Germany,Vegetables,C,3649,154.06,90.93,2016,3-8-2016
Finland,Meat,M,7339,421.89,364.69,2015,12-8-2015
Norway,Meat,H,9682,421.89,364.69,2016,12-8-2016
Iceland,Cereal,C,7402,205.7,117.11,2015,3-2-2015
Turkey,Clothes,C,3008,109.28,35.84,2015,6-2-2015
Iceland,Vegetables,L,3128,154.06,90.93,2017,4-12-2017
Turkey,Cereal,L,824,205.7,117.11,2015,4-5-2015
Germany,Clothes,H,155,109.28,35.84,2015,5-7-2015
Germany,Meat,L,8229,421.89,364.69,2017,2-4-2017
Finland,Cereal,L,5255,205.7,117.11,2016,4-7-2016
Germany,Cereal,M,2014,205.7,117.11,2015,7-8-2015
Iceland,Meat,M,3223,421.89,364.69,2017,2-12-2017
Finland,Cereal,C,4877,205.7,117.11,2017,2-5-2017
Norway,Meat,H,2002,421.89,364.69,2016,2-10-2016
Turkey,Clothes,M,7607,109.28,35.84,2015,9-10-2015
Norway,Vegetables,M,2781,154.06,90.93,2016,11-7-2016
Finland,Meat,C,5934,421.89,364.69,2015,6-2-2015
Norway,Meat,L,5638,421.89,364.69,2016,8-11-2016
Iceland,Cereal,C,1493,205.7,117.11,2016,8-11-2016
Norway,Vegetables,C,9611,154.06,90.93,2017,2-7-2017
Turkey,Cereal,L,8038,205.7,117.11,2015,5-2-2015
Finland,Meat,L,66,421.89,364.69,2017,5-1-2017
Germany,Vegetables,C,920,154.06,90.93,2017,3-9-2017
Finland,Cereal,L,6861,205.7,117.11,2015,3-6-2015
Turkey,Cereal,L,8969,205.7,117.11,2016,11-3-2016
Finland,Clothes,C,7191,109.28,35.84,2016,12-1-2016
Norway,Cereal,L,9775,205.7,117.11,2016,8-2-2016
Germany,Cereal,H,7214,205.7,117.11,2016,11-7-2016
Turkey,Cereal,H,782,205.7,117.11,2017,3-9-2017
Turkey,Cereal,M,5936,205.7,117.11,2015,1-4-2015
Finland,Vegetables,L,598,154.06,90.93,2016,3-1-2016
Germany,Vegetables,C,1577,154.06,90.93,2016,7-8-2016
Finland,Clothes,H,8259,109.28,35.84,2016,5-4-2016
Germany,Vegetables,H,5343,154.06,90.93,2016,9-5-2016
Germany,Meat,M,4917,421.89,364.69,2015,2-6-2015
Iceland,Vegetables,H,135,154.06,90.93,2015,12-1-2015
Finland,Clothes,C,8637,109.28,35.84,2015,7-5-2015
Turkey,Meat,L,209,421.89,364.69,2016,8-2-2016
Iceland,Meat,M,2043,421.89,364.69,2016,2-6-2016
Iceland,Vegetables,L,10000,154.06,90.93,2015,8-10-2015
Turkey,Clothes,H,4791,109.28,35.84,2015,2-8-2015
Iceland,Cereal,L,9959,205.7,117.11,2016,6-6-2016
Finland,Clothes,H,9382,109.28,35.84,2016,6-6-2016
Finland,Cereal,L,4789,205.7,117.11,2015,7-6-2015
Turkey,Meat,H,4967,421.89,364.69,2017,3-6-2017
Iceland,Clothes,H,8535,109.28,35.84,2016,5-12-2016
Germany,Meat,H,2975,421.89,364.69,2015,2-4-2015
Norway,Meat,M,4570,421.89,364.69,2017,3-9-2017
Iceland,Cereal,L,1622,205.7,117.11,2016,4-9-2016
Finland,Meat,L,315,421.89,364.69,2016,11-2-2016
Germany,Clothes,L,1092,109.28,35.84,2017,7-4-2017
Norway,Clothes,C,4280,109.28,35.84,2015,12-1-2015
Iceland,Meat,H,2886,421.89,364.69,2016,1-9-2016
Norway,Clothes,H,9168,109.28,35.84,2016,3-1-2016
Turkey,Vegetables,C,2200,154.06,90.93,2016,8-10-2016
Iceland,Cereal,L,425,205.7,117.11,2017,3-9-2017
Germany,Cereal,C,7343,205.7,117.11,2016,7-6-2016
Iceland,Meat,M,2260,421.89,364.69,2017,5-7-2017
Germany,Meat,C,2652,421.89,364.69,2016,8-4-2016
Norway,Meat,L,9781,421.89,364.69,2015,12-10-2015
Norway,Clothes,C,6818,109.28,35.84,2016,5-2-2016
Iceland,Cereal,L,3943,205.7,117.11,2015,6-11-2015
Germany,Cereal,C,6394,205.7,117.11,2016,12-8-2016
Finland,Clothes,M,610,109.28,35.84,2016,3-3-2016
Germany,Vegetables,M,9765,154.06,90.93,2016,3-4-2016
Iceland,Vegetables,L,6322,154.06,90.93,2017,1-12-2017
Iceland,Cereal,L,2031,205.7,117.11,2016,2-5-2016
Norway,Cereal,M,6635,205.7,117.11,2017,7-1-2017
Iceland,Meat,L,4610,421.89,364.69,2017,3-6-2017
Turkey,Meat,M,9230,421.89,364.69,2016,5-9-2016
Norway,Meat,M,3855,421.89,364.69,2016,12-3-2016
Germany,Cereal,H,8949,205.7,117.11,2015,6-3-2015
Iceland,Clothes,C,2201,109.28,35.84,2017,7-9-2017
Finland,Vegetables,C,5574,154.06,90.93,2015,8-10-2015
Norway,Meat,M,1624,421.89,364.69,2016,12-10-2016
Iceland,Meat,M,3706,421.89,364.69,2015,12-9-2015
Finland,Vegetables,M,6176,154.06,90.93,2016,9-2-2016
Germany,Vegetables,C,3313,154.06,90.93,2015,2-2-2015
Finland,Meat,L,1761,421.89,364.69,2015,6-7-2015
Germany,Clothes,M,2154,109.28,35.84,2016,4-12-2016
Iceland,Cereal,C,6293,205.7,117.11,2015,4-10-2015
Iceland,Vegetables,L,9751,154.06,90.93,2016,2-5-2016
Germany,Meat,L,9645,421.89,364.69,2015,1-12-2015
Finland,Meat,M,533,421.89,364.69,2015,9-9-2015
Germany,Cereal,L,2993,205.7,117.11,2015,10-1-2015
Turkey,Cereal,H,316,205.7,117.11,2016,6-6-2016
Finland,Cereal,C,1589,205.7,117.11,2015,2-9-2015
Norway,Clothes,L,3301,109.28,35.84,2015,9-7-2015
Turkey,Clothes,H,2005,109.28,35.84,2015,3-6-2015
Iceland,Vegetables,C,5638,154.06,90.93,2017,6-5-2017
Finland,Vegetables,H,5662,154.06,90.93,2017,3-12-2017
Germany,Cereal,C,5272,205.7,117.11,2016,11-5-2016
Turkey,Cereal,C,2926,205.7,117.11,2015,8-1-2015
Norway,Vegetables,M,6050,154.06,90.93,2015,8-7-2015
Germany,Vegetables,M,7197,154.06,90.93,2015,2-5-2015
Iceland,Vegetables,H,3795,154.06,90.93,2016,6-4-2016
Norway,Vegetables,M,7173,154.06,90.93,2015,9-9-2015
Norway,Meat,C,8689,421.89,364.69,2016,7-4-2016
Iceland,Clothes,L,9545,109.28,35.84,2017,4-2-2017
Iceland,Meat,C,5838,421.89,364.69,2016,12-1-2016
Turkey,Vegetables,H,51,154.06,90.93,2015,3-3-2015
Finland,Cereal,C,9269,205.7,117.11,2015,12-8-2015
Norway,Cereal,L,4575,205.7,117.11,2015,4-1-2015
Iceland,Clothes,H,4552,109.28,35.84,2017,5-7-2017
Turkey,Cereal,H,4708,205.7,117.11,2015,4-9-2015
Germany,Meat,L,9805,421.89,364.69,2015,5-8-2015
Germany,Cereal,C,5520,205.7,117.11,2016,5-10-2016
Norway,Cereal,M,1116,205.7,117.11,2015,7-11-2015
Finland,Meat,L,1978,421.89,364.69,2016,9-4-2016
Finland,Clothes,C,6783,109.28,35.84,2017,2-2-2017
Norway,Vegetables,L,4958,154.06,90.93,2016,3-2-2016
Norway,Meat,L,8175,421.89,364.69,2017,1-11-2017
Finland,Meat,M,6625,421.89,364.69,2015,9-3-2015
Iceland,Meat,C,6393,421.89,364.69,2016,11-11-2016
Turkey,Vegetables,H,5016,154.06,90.93,2017,3-12-2017
Turkey,Cereal,H,8959,205.7,117.11,2017,1-11-2017
Norway,Cereal,C,4912,205.7,117.11,2016,5-5-2016
Turkey,Meat,C,5345,421.89,364.69,2016,5-6-2016
Turkey,Meat,C,3114,421.89,364.69,2016,5-12-2016
Germany,Clothes,M,4256,109.28,35.84,2016,8-8-2016
Germany,Clothes,L,5892,109.28,35.84,2016,3-3-2016
Finland,Clothes,H,8011,109.28,35.84,2016,11-1-2016
Germany,Cereal,H,7592,205.7,117.11,2016,1-9-2016
Iceland,Cereal,H,4952,205.7,117.11,2016,5-2-2016
Norway,Meat,M,5767,421.89,364.69,2016,4-10-2016
Turkey,Clothes,L,8427,109.28,35.84,2015,8-10-2015
Finland,Vegetables,H,8466,154.06,90.93,2015,3-11-2015
Germany,Vegetables,M,4250,154.06,90.93,2017,4-2-2017
Iceland,Vegetables,H,1972,154.06,90.93,2016,4-8-2016
Germany,Vegetables,H,4877,154.06,90.93,2015,12-5-2015
Norway,Clothes,H,7420,109.28,35.84,2015,1-3-2015
Iceland,Clothes,H,5998,109.28,35.84,2015,12-11-2015
Iceland,Meat,C,8376,421.89,364.69,2017,5-4-2017
Turkey,Cereal,L,9466,205.7,117.11,2015,11-11-2015
Germany,Cereal,M,4422,205.7,117.11,2016,4-11-2016
Norway,Meat,C,1417,421.89,364.69,2015,7-5-2015
Iceland,Clothes,C,3182,109.28,35.84,2015,5-11-2015
Turkey,Meat,M,9390,421.89,364.69,2016,9-3-2016
Turkey,Meat,H,9768,421.89,364.69,2015,11-4-2015
Iceland,Cereal,M,803,205.7,117.11,2016,5-10-2016
Finland,Cereal,L,4381,205.7,117.11,2015,9-9-2015
Iceland,Meat,L,5325,421.89,364.69,2017,6-11-2017
Turkey,Meat,C,6219,421.89,364.69,2016,12-5-2016
Finland,Cereal,L,7078,205.7,117.11,2016,6-4-2016
Finland,Cereal,H,13,205.7,117.11,2016,11-10-2016
Turkey,Cereal,L,6432,205.7,117.11,2016,6-4-2016
Finland,Vegetables,M,8656,154.06,90.93,2016,3-1-2016
Finland,Vegetables,M,8088,154.06,90.93,2016,1-9-2016
Iceland,Meat,H,2798,421.89,364.69,2016,11-1-2016
Germany,Cereal,M,1606,205.7,117.11,2015,9-10-2015
Germany,Cereal,L,5065,205.7,117.11,2015,6-1-2015
Germany,Meat,H,6417,421.89,364.69,2016,10-3-2016
Finland,Cereal,L,3183,205.7,117.11,2016,8-9-2016
Iceland,Cereal,L,9462,205.7,117.11,2017,6-1-2017
Iceland,Meat,L,4770,421.89,364.69,2017,7-1-2017
Germany,Vegetables,L,6105,154.06,90.93,2015,9-1-2015
Germany,Meat,H,5308,421.89,364.69,2016,11-11-2016
Finland,Meat,M,9570,421.89,364.69,2015,12-2-2015
Germany,Cereal,L,2585,205.7,117.11,2015,12-4-2015
Germany,Clothes,M,3950,109.28,35.84,2016,3-2-2016
Iceland,Cereal,H,7113,205.7,117.11,2015,3-11-2015
Norway,Vegetables,M,3265,154.06,90.93,2015,9-3-2015
Norway,Meat,L,6995,421.89,364.69,2016,1-6-2016
Germany,Clothes,C,5733,109.28,35.84,2015,11-8-2015
Turkey,Vegetables,M,9673,154.06,90.93,2016,1-1-2016
Iceland,Cereal,L,7639,205.7,117.11,2017,4-5-2017
Turkey,Cereal,C,1160,205.7,117.11,2016,5-10-2016
Iceland,Cereal,C,3724,205.7,117.11,2016,8-5-2016
Turkey,Meat,H,6090,421.89,364.69,2017,4-8-2017
Turkey,Meat,L,458,421.89,364.69,2016,2-5-2016
Turkey,Meat,L,923,421.89,364.69,2016,11-7-2016
Germany,Cereal,H,7126,205.7,117.11,2015,4-8-2015
Finland,Clothes,C,7923,109.28,35.84,2015,4-1-2015
Turkey,Clothes,L,7695,109.28,35.84,2017,4-12-2017
Turkey,Meat,L,8852,421.89,364.69,2017,3-10-2017
Finland,Clothes,L,7410,109.28,35.84,2015,10-9-2015
Germany,Clothes,H,1600,109.28,35.84,2016,5-3-2016
Germany,Clothes,L,2202,109.28,35.84,2015,1-2-2015
Finland,Vegetables,L,9724,154.06,90.93,2015,8-3-2015
Germany,Cereal,H,6878,205.7,117.11,2015,10-5-2015
Germany,Vegetables,C,3809,154.06,90.93,2016,7-2-2016
Norway,Clothes,C,4586,109.28,35.84,2016,5-10-2016
Iceland,Vegetables,M,4380,154.06,90.93,2017,1-11-2017
Germany,Clothes,M,1936,109.28,35.84,2017,6-7-2017
Turkey,Cereal,C,2052,205.7,117.11,2015,1-1-2015
Finland,Meat,H,8591,421.89,364.69,2015,9-8-2015
Iceland,Cereal,M,5537,205.7,117.11,2016,12-9-2016
Norway,Clothes,M,2308,109.28,35.84,2015,4-4-2015
Finland,Cereal,C,9020,205.7,117.11,2016,6-6-2016
Germany,Meat,L,6771,421.89,364.69,2015,12-1-2015
Germany,Meat,M,6257,421.89,364.69,2016,6-9-2016
Germany,Clothes,C,3034,109.28,35.84,2017,7-7-2017
Norway,Clothes,C,5709,109.28,35.84,2016,6-11-2016
Finland,Meat,M,5427,421.89,364.69,2016,8-3-2016
Turkey,Cereal,C,197,205.7,117.11,2016,8-2-2016
Germany,Clothes,L,2947,109.28,35.84,2015,12-5-2015
Finland,Vegetables,C,2846,154.06,90.93,2016,8-11-2016
Iceland,Meat,C,696,421.89,364.69,2016,7-6-2016
Norway,Meat,C,1169,421.89,364.69,2016,1-1-2016
Iceland,Vegetables,M,4540,154.06,90.93,2017,5-7-2017
Iceland,Meat,M,5703,421.89,364.69,2016,8-11-2016
Germany,Vegetables,M,7036,154.06,90.93,2017,3-6-2017
Turkey,Vegetables,L,1863,154.06,90.93,2015,7-7-2015
Germany,Vegetables,C,2904,154.06,90.93,2015,4-7-2015
Finland,Clothes,C,6566,109.28,35.84,2015,11-6-2015
Iceland,Vegetables,H,7580,154.06,90.93,2017,6-7-2017
Norway,Cereal,H,7479,205.7,117.11,2017,6-4-2017
Finland,Meat,H,6022,421.89,364.69,2017,1-2-2017
Turkey,Cereal,M,5204,205.7,117.11,2016,9-6-2016
Finland,Vegetables,L,2758,154.06,90.93,2015,1-9-2015
Finland,Vegetables,M,3856,154.06,90.93,2017,7-2-2017
Germany,Cereal,H,72,205.7,117.11,2015,7-7-2015
Germany,Cereal,M,8908,205.7,117.11,2017,5-8-2017
Turkey,Cereal,C,2517,205.7,117.11,2015,10-4-2015
Finland,Clothes,H,2651,109.28,35.84,2015,3-7-2015
Turkey,Vegetables,H,8196,154.06,90.93,2016,10-2-2016
Germany,Meat,M,5413,421.89,364.69,2016,7-7-2016
Iceland,Cereal,M,5697,205.7,117.11,2017,4-4-2017
Norway,Cereal,L,1363,205.7,117.11,2017,6-7-2017
Germany,Meat,L,928,421.89,364.69,2015,6-10-2015
Iceland,Vegetables,M,4863,154.06,90.93,2015,11-7-2015
Germany,Vegetables,C,119,154.06,90.93,2015,5-3-2015
Iceland,Clothes,C,1327,109.28,35.84,2016,12-9-2016
Finland,Clothes,L,8767,109.28,35.84,2015,3-4-2015
Norway,Vegetables,H,3394,154.06,90.93,2015,5-2-2015
Germany,Cereal,H,9445,205.7,117.11,2016,11-1-2016
Turkey,Cereal,C,8374,205.7,117.11,2016,6-5-2016
Iceland,Vegetables,L,5856,154.06,90.93,2016,4-12-2016
Turkey,Vegetables,L,2812,154.06,90.93,2015,2-2-2015
Turkey,Cereal,H,3262,205.7,117.11,2016,9-5-2016
Finland,Vegetables,C,3414,154.06,90.93,2016,10-2-2016
Iceland,Vegetables,C,9622,154.06,90.93,2016,6-10-2016
Finland,Meat,L,3992,421.89,364.69,2015,6-1-2015
Iceland,Vegetables,H,9652,154.06,90.93,2017,2-5-2017
Finland,Clothes,C,5208,109.28,35.84,2016,6-11-2016
Norway,Cereal,C,2840,205.7,117.11,2016,9-6-2016
Turkey,Clothes,L,1066,109.28,35.84,2015,6-1-2015
Turkey,Clothes,M,3215,109.28,35.84,2016,11-8-2016
Turkey,Cereal,H,1922,205.7,117.11,2015,5-6-2015
Germany,Cereal,L,4204,205.7,117.11,2017,6-5-2017
Germany,Vegetables,M,7663,154.06,90.93,2015,11-9-2015
Norway,Meat,M,4805,421.89,364.69,2016,7-2-2016
Finland,Cereal,M,4919,205.7,117.11,2015,3-5-2015
Norway,Meat,L,9475,421.89,364.69,2015,7-4-2015
Finland,Meat,L,9441,421.89,364.69,2016,4-5-2016
Iceland,Cereal,L,1157,205.7,117.11,2015,7-8-2015
Norway,Cereal,L,2969,205.7,117.11,2016,5-4-2016
Turkey,Cereal,C,2766,205.7,117.11,2015,4-8-2015
Iceland,Cereal,C,6044,205.7,117.11,2015,10-8-2015
Iceland,Meat,C,9982,421.89,364.69,2016,4-1-2016
Finland,Cereal,C,5037,205.7,117.11,2017,6-2-2017
Turkey,Clothes,M,4790,109.28,35.84,2017,7-3-2017
Germany,Meat,M,4056,421.89,364.69,2017,2-10-2017
Finland,Vegetables,H,2468,154.06,90.93,2017,6-11-2017
Turkey,Meat,L,2046,421.89,364.69,2016,12-10-2016
Turkey,Cereal,M,5687,205.7,117.11,2015,7-3-2015
Turkey,Vegetables,H,7087,154.06,90.93,2016,11-10-2016
Norway,Clothes,H,4368,109.28,35.84,2017,7-4-2017
Norway,Cereal,H,8925,205.7,117.11,2016,1-6-2016
Turkey,Meat,C,3025,421.89,364.69,2017,3-5-2017
Turkey,Vegetables,L,3686,154.06,90.93,2015,9-3-2015
Iceland,Vegetables,H,9812,154.06,90.93,2017,6-1-2017
Iceland,Clothes,H,3678,109.28,35.84,2016,10-8-2016
Norway,Cereal,H,6228,205.7,117.11,2015,4-12-2015
Turkey,Cereal,C,6768,205.7,117.11,2017,7-9-2017
Norway,Clothes,L,2018,109.28,35.84,2015,4-12-2015
Finland,Vegetables,L,8526,154.06,90.93,2016,7-3-2016
Germany,Vegetables,C,2935,154.06,90.93,2015,12-3-2015
Germany,Cereal,H,1735,205.7,117.11,2015,5-9-2015
Norway,Vegetables,L,4315,154.06,90.93,2017,1-12-2017
Turkey,Clothes,M,6733,109.28,35.84,2015,2-10-2015
Turkey,Cereal,C,1320,205.7,117.11,2016,9-3-2016
Finland,Meat,M,7090,421.89,364.69,2016,6-6-2016
Norway,Meat,H,8559,421.89,364.69,2016,11-7-2016
Turkey,Meat,L,2778,421.89,364.69,2015,4-9-2015
Turkey,Vegetables,H,5251,154.06,90.93,2016,7-4-2016
Turkey,Cereal,M,4490,205.7,117.11,2016,6-2-2016
Finland,Vegetables,M,568,154.06,90.93,2015,7-6-2015
Norway,Cereal,L,3684,205.7,117.11,2016,8-9-2016
Germany,Meat,M,7863,421.89,364.69,2015,5-7-2015
Norway,Meat,H,3825,421.89,364.69,2016,4-8-2016
Norway,Cereal,M,9262,205.7,117.11,2017,2-9-2017
Germany,Clothes,M,4505,109.28,35.84,2016,2-11-2016
Finland,Clothes,C,7440,109.28,35.84,2016,6-5-2016
Norway,Cereal,M,8707,205.7,117.11,2017,3-1-2017
Iceland,Cereal,L,2248,205.7,117.11,2017,5-6-2017
Norway,Meat,H,556,421.89,364.69,2017,7-9-2017
Iceland,Cereal,L,1782,205.7,117.11,2016,8-3-2016
Norway,Vegetables,L,8401,154.06,90.93,2015,6-7-2015
Germany,Vegetables,C,206,154.06,90.93,2016,12-3-2016
Iceland,Cereal,C,5796,205.7,117.11,2016,4-4-2016
Iceland,Cereal,M,9215,205.7,117.11,2015,7-7-2015
Germany,Vegetables,M,9020,154.06,90.93,2015,4-4-2015
Germany,Clothes,C,5355,109.28,35.84,2016,9-7-2016
Norway,Meat,L,6512,421.89,364.69,2017,3-12-2017
Norway,Vegetables,M,5745,154.06,90.93,2015,3-1-2015
Turkey,Cereal,L,7629,205.7,117.11,2015,7-5-2015
Norway,Vegetables,H,2751,154.06,90.93,2016,3-12-2016
Norway,Vegetables,H,1553,154.06,90.93,2017,2-10-2017
Iceland,Clothes,L,1240,109.28,35.84,2015,5-9-2015
Turkey,Cereal,H,3568,205.7,117.11,2017,2-12-2017
Turkey,Meat,L,2064,421.89,364.69,2015,1-3-2015
Germany,Vegetables,L,9635,154.06,90.93,2016,7-7-2016
Germany,Vegetables,M,6570,154.06,90.93,2016,6-3-2016
Finland,Meat,M,7804,421.89,364.69,2016,9-10-2016
Finland,Cereal,C,391,205.7,117.11,2016,1-11-2016
Germany,Vegetables,L,9605,154.06,90.93,2015,11-10-2015
Norway,Cereal,C,768,205.7,117.11,2017,1-6-2017
Finland,Meat,M,1890,421.89,364.69,2015,2-3-2015
Turkey,Vegetables,L,6721,154.06,90.93,2015,2-9-2015
Norway,Vegetables,M,5336,154.06,90.93,2015,5-4-2015
Turkey,Meat,C,7417,421.89,364.69,2016,1-5-2016
Turkey,Clothes,C,7099,109.28,35.84,2016,11-11-2016
Norway,Clothes,C,3388,109.28,35.84,2017,4-10-2017
Germany,Clothes,M,3760,109.28,35.84,2015,3-12-2015
Finland,Cereal,H,9051,205.7,117.11,2017,2-1-2017
Norway,Vegetables,L,64,154.06,90.93,2015,4-9-2015
Germany,Meat,L,7107,421.89,364.69,2017,1-4-2017
Iceland,Clothes,M,7851,109.28,35.84,2016,10-3-2016
Germany,Meat,M,8359,421.89,364.69,2016,10-4-2016
Norway,Meat,L,6121,421.89,364.69,2015,6-8-2015
Turkey,Vegetables,L,2578,154.06,90.93,2015,10-12-2015
Turkey,Meat,M,9695,421.89,364.69,2017,2-10-2017
Iceland,Meat,M,3866,421.89,364.69,2016,4-4-2016
Finland,Vegetables,C,1666,154.06,90.93,2015,8-5-2015
Iceland,Cereal,C,8116,205.7,117.11,2015,6-7-2015
Iceland,Meat,L,3488,421.89,364.69,2017,2-2-2017
Finland,Vegetables,C,3720,154.06,90.93,2017,3-11-2017
Norway,Meat,C,60,421.89,364.69,2016,2-9-2016
Turkey,Meat,M,6910,421.89,364.69,2017,3-8-2017
Germany,Clothes,M,2344,109.28,35.84,2017,4-4-2017
Norway,Clothes,C,1800,109.28,35.84,2016,6-5-2016
Norway,Cereal,C,4752,205.7,117.11,2016,1-11-2016
Iceland,Cereal,C,4133,205.7,117.11,2016,6-2-2016
Turkey,Meat,L,9012,421.89,364.69,2017,7-4-2017
Norway,Vegetables,M,3495,154.06,90.93,2017,2-12-2017
Iceland,Cereal,L,4102,205.7,117.11,2015,10-6-2015
Turkey,Cereal,L,5074,205.7,117.11,2017,1-9-2017
Iceland,Meat,H,7532,421.89,364.69,2017,6-1-2017
Norway,Meat,L,7244,421.89,364.69,2015,7-10-2015
Iceland,Clothes,L,3063,109.28,35.84,2015,7-6-2015
Turkey,Meat,M,4030,421.89,364.69,2015,1-7-2015
Norway,Vegetables,H,6180,154.06,90.93,2015,4-6-2015
Germany,Cereal,L,2834,205.7,117.11,2015,6-7-2015
Finland,Clothes,L,6536,109.28,35.84,2015,3-10-2015
Iceland,Meat,H,815,421.89,364.69,2016,5-12-2016
Iceland,Vegetables,C,8748,154.06,90.93,2015,11-10-2015
Iceland,Clothes,M,6494,109.28,35.84,2017,5-10-2017
Finland,Cereal,M,3561,205.7,117.11,2015,10-10-2015
Norway,Meat,H,8968,421.89,364.69,2016,9-4-2016
Iceland,Clothes,C,8199,109.28,35.84,2015,4-8-2015
Iceland,Vegetables,C,30,154.06,90.93,2016,4-7-2016
Norway,Cereal,C,5395,205.7,117.11,2015,3-2-2015
Turkey,Vegetables,H,5965,154.06,90.93,2016,10-8-2016
Norway,Cereal,H,5674,205.7,117.11,2015,5-1-2015
Turkey,Vegetables,C,6503,154.06,90.93,2016,4-3-2016
Iceland,Clothes,M,8565,109.28,35.84,2017,1-8-2017
Germany,Vegetables,C,584,154.06,90.93,2016,2-3-2016
Norway,Meat,H,1345,421.89,364.69,2016,10-11-2016
Iceland,Meat,C,70,421.89,364.69,2015,6-10-2015
Norway,Meat,M,5053,421.89,364.69,2016,1-4-2016
Iceland,Vegetables,C,9533,154.06,90.93,2017,4-1-2017
Iceland,Meat,M,5938,421.89,364.69,2015,12-4-2015
Norway,Clothes,M,6310,109.28,35.84,2017,7-5-2017
Norway,Meat,C,3489,421.89,364.69,2015,3-5-2015
Finland,Vegetables,M,8744,154.06,90.93,2015,5-10-2015
Turkey,Meat,M,121,421.89,364.69,2015,1-1-2015
Turkey,Vegetables,M,1261,154.06,90.93,2016,11-5-2016
Iceland,Clothes,L,2331,109.28,35.84,2017,3-7-2017
Iceland,Clothes,L,667,109.28,35.84,2017,5-5-2017
Turkey,Meat,M,1461,421.89,364.69,2016,5-3-2016
Turkey,Vegetables,L,3935,154.06,90.93,2015,3-7-2015
Norway,Clothes,C,3797,109.28,35.84,2017,2-5-2017
Iceland,Clothes,H,8229,109.28,35.84,2015,12-4-2015
Germany,Vegetables,M,6074,154.06,90.93,2015,1-4-2015
Iceland,Meat,L,3736,421.89,364.69,2016,8-6-2016
Iceland,Vegetables,H,690,154.06,90.93,2015,11-12-2015
Norway,Meat,H,4309,421.89,364.69,2015,2-2-2015
Finland,Meat,M,9410,421.89,364.69,2015,8-8-2015
Norway,Meat,M,661,421.89,364.69,2017,3-4-2017
Germany,Vegetables,C,833,154.06,90.93,2015,8-8-2015
Germany,Meat,H,1151,421.89,364.69,2017,5-3-2017
Germany,Cereal,M,3867,205.7,117.11,2016,5-1-2016
Norway,Cereal,C,6109,205.7,117.11,2015,6-6-2015
Norway,Cereal,M,1276,205.7,117.11,2015,11-5-2015
Iceland,Meat,M,7309,421.89,364.69,2015,7-9-2015
Finland,Cereal,H,745,205.7,117.11,2015,3-10-2015
Turkey,Clothes,L,4909,109.28,35.84,2017,5-8-2017
Finland,Meat,H,3542,421.89,364.69,2017,7-8-2017
Germany,Vegetables,L,8921,154.06,90.93,2016,4-2-2016
Iceland,Cereal,H,7987,205.7,117.11,2015,10-9-2015
Turkey,Meat,C,3740,421.89,364.69,2017,6-9-2017
Norway,Vegetables,C,7774,154.06,90.93,2016,10-3-2016
Norway,Clothes,C,4529,109.28,35.84,2015,6-5-2015
Germany,Vegetables,L,7315,154.06,90.93,2017,5-6-2017
Finland,Meat,H,6271,421.89,364.69,2016,7-7-2016
Turkey,Vegetables,L,1207,154.06,90.93,2016,3-7-2016
Norway,Meat,H,9917,421.89,364.69,2016,4-2-2016
Germany,Meat,C,4972,421.89,364.69,2015,10-7-2015
Finland,Meat,H,3325,421.89,364.69,2016,4-8-2016
Germany,Cereal,L,5810,205.7,117.11,2016,5-2-2016
Finland,Meat,C,5366,421.89,364.69,2015,4-11-2015
Norway,Clothes,H,5739,109.28,35.84,2017,2-7-2017
Finland,Vegetables,H,6305,154.06,90.93,2016,5-2-2016
Norway,Vegetables,C,5703,154.06,90.93,2017,2-2-2017
Norway,Cereal,M,6476,205.7,117.11,2017,3-8-2017
Germany,Clothes,L,6198,109.28,35.84,2016,8-10-2016
Turkey,Clothes,H,399,109.28,35.84,2016,4-8-2016
Iceland,Vegetables,H,4292,154.06,90.93,2015,6-11-2015
Turkey,Clothes,H,2471,109.28,35.84,2015,12-8-2015
Norway,Vegetables,M,6459,154.06,90.93,2015,6-5-2015
Turkey,Vegetables,M,3816,154.06,90.93,2015,5-1-2015
Norway,Meat,C,9346,421.89,364.69,2015,11-5-2015
Turkey,Clothes,M,5610,109.28,35.84,2015,1-9-2015
Iceland,Clothes,C,4433,109.28,35.84,2017,7-3-2017
Germany,Clothes,C,8053,109.28,35.84,2015,1-10-2015
Iceland,Cereal,M,6411,205.7,117.11,2017,7-9-2017
Finland,Clothes,M,3396,109.28,35.84,2016,2-7-2016
Turkey,Cereal,M,4796,205.7,117.11,2016,11-9-2016
Iceland,Cereal,M,1286,205.7,117.11,2015,3-6-2015
Germany,Cereal,L,513,205.7,117.11,2016,4-5-2016
Iceland,Vegetables,M,5112,154.06,90.93,2015,5-11-2015
Turkey,Cereal,L,824,205.7,117.11,2015,4-6-2015
Germany,Clothes,H,155,109.28,35.84,2015,5-8-2015
Germany,Meat,L,8229,421.89,364.69,2017,2-5-2017
Finland,Cereal,L,5255,205.7,117.11,2016,4-8-2016
Germany,Cereal,M,2014,205.7,117.11,2015,7-8-2015
Finland,Cereal,C,4877,205.7,117.11,2017,2-6-2017
Germany,Clothes,C,5514,109.28,35.84,2017,1-1-2017
Norway,Meat,H,2002,421.89,364.69,2016,2-11-2016
Turkey,Clothes,M,7607,109.28,35.84,2015,9-10-2015
Norway,Vegetables,M,2781,154.06,90.93,2016,11-7-2016
Finland,Meat,C,5934,421.89,364.69,2015,6-2-2015
Norway,Meat,L,5638,421.89,364.69,2016,8-12-2016
Iceland,Cereal,C,1493,205.7,117.11,2016,8-12-2016
Norway,Vegetables,C,9611,154.06,90.93,2017,2-8-2017
Norway,Cereal,C,2126,205.7,117.11,2016,6-1-2016
Turkey,Cereal,L,8038,205.7,117.11,2015,5-2-2015
Norway,Clothes,C,5478,109.28,35.84,2015,1-1-2015
Finland,Meat,L,66,421.89,364.69,2017,5-1-2017
Germany,Vegetables,C,920,154.06,90.93,2017,3-10-2017
Finland,Cereal,L,6861,205.7,117.11,2015,3-7-2015
Turkey,Cereal,L,8969,205.7,117.11,2016,11-4-2016
Finland,Clothes,C,7191,109.28,35.84,2016,12-1-2016
Norway,Cereal,L,9775,205.7,117.11,2016,8-2-2016
Germany,Cereal,H,7214,205.7,117.11,2016,11-8-2016
Turkey,Cereal,H,782,205.7,117.11,2017,3-10-2017
Turkey,Cereal,M,5936,205.7,117.11,2015,1-5-2015
Finland,Vegetables,L,598,154.06,93.2,2016,3-2-2016
Germany,Vegetables,C,1577,154.06,90.93,2016,7-9-2016
Norway,Meat,C,6777,421.89,364.69,2017,3-1-2017
Finland,Clothes,H,8259,109.28,35.84,2016,5-5-2016
Germany,Vegetables,H,5343,154.06,90.93,2016,9-6-2016
Germany,Meat,M,4917,421.89,364.69,2015,2-6-2015
Iceland,Vegetables,H,135,154.06,90.93,2015,12-2-2015
Finland,Clothes,C,8637,109.28,35.84,2015,7-6-2015
Turkey,Meat,L,209,421.89,364.69,2016,8-3-2016
Iceland,Meat,M,2043,421.89,364.69,2016,2-7-2016
Iceland,Vegetables,L,10000,154.06,90.93,2015,8-11-2015
Turkey,Clothes,H,4791,109.28,35.84,2015,2-8-2015
Turkey,Vegetables,M,547,154.06,90.93,2016,8-1-2016
Iceland,Cereal,L,9959,205.7,117.11,2016,6-7-2016
Finland,Clothes,H,9382,109.28,35.84,2016,6-6-2016
Finland,Cereal,L,4789,205.7,117.11,2015,7-7-2015
Turkey,Meat,H,4967,421.89,364.69,2017,3-7-2017
Iceland,Clothes,H,8535,109.28,35.84,2016,5-12-2016
Germany,Meat,H,2975,421.89,364.69,2015,2-5-2015
Norway,Meat,M,4570,421.89,364.69,2017,3-10-2017
Iceland,Cereal,L,1622,205.7,117.11,2016,4-9-2016
Finland,Meat,L,315,421.89,364.69,2016,11-3-2016
Germany,Clothes,L,1092,109.28,35.84,2017,7-5-2017
Norway,Clothes,C,4280,109.28,35.84,2015,12-2-2015
Iceland,Meat,H,2886,421.89,364.69,2016,1-10-2016
Norway,Clothes,H,9168,109.28,35.84,2016,3-2-2016
Turkey,Vegetables,C,2200,154.06,90.93,2016,8-11-2016
Iceland,Cereal,L,425,205.7,117.11,2017,3-10-2017
Germany,Cereal,C,7343,205.7,119.35,2016,7-7-2016
Iceland,Meat,M,2260,421.89,364.69,2017,5-8-2017
Germany,Meat,C,2652,421.89,364.69,2016,8-5-2016
Turkey,Cereal,H,1674,205.7,117.11,2015,11-1-2015
Norway,Meat,L,9781,421.89,368.1,2015,12-11-2015
Norway,Clothes,C,6818,109.28,35.84,2016,5-3-2016
Iceland,Cereal,L,3943,205.7,117.11,2015,6-12-2015
Germany,Cereal,C,6394,205.7,117.11,2016,12-9-2016
Finland,Clothes,M,610,109.28,37.25,2016,3-4-2016
Germany,Vegetables,M,9765,154.06,90.93,2016,3-5-2016
Norway,Meat,C,4705,421.89,364.69,2017,7-1-2017
Germany,Cereal,M,922,205.7,117.11,2016,2-1-2016
Iceland,Cereal,L,2031,205.7,121,2016,2-6-2016
Norway,Cereal,M,6635,205.7,117.11,2017,7-2-2017
Iceland,Meat,L,4610,421.89,364.69,2017,3-7-2017
Turkey,Meat,M,9230,421.89,370.22,2016,5-10-2016
Norway,Meat,M,3855,421.89,364.69,2016,12-4-2016
Germany,Cereal,H,8949,205.7,117.11,2015,6-4-2015
Iceland,Clothes,C,2201,109.28,35.84,2017,7-10-2017
Finland,Vegetables,C,5574,154.06,90.93,2015,8-11-2015
Norway,Meat,M,1624,421.89,364.69,2016,12-11-2016
Iceland,Meat,M,3706,421.89,364.69,2015,12-10-2015
Finland,Vegetables,M,6176,154.06,90.93,2016,9-3-2016
Germany,Vegetables,C,3313,154.06,90.93,2015,2-2-2015
Finland,Meat,L,1761,421.89,364.69,2015,6-7-2015
Iceland,Cereal,C,6293,205.7,117.11,2015,4-11-2015
Iceland,Vegetables,L,9751,154.06,90.93,2016,2-6-2016
Finland,Meat,M,533,421.89,364.69,2015,9-10-2015
Germany,Cereal,L,2993,205.7,117.11,2015,10-1-2015
Turkey,Cereal,H,316,205.7,117.11,2016,6-7-2016
Finland,Cereal,C,1589,205.7,117.11,2015,2-10-2015
Norway,Clothes,L,3301,109.28,35.84,2015,9-8-2015
Turkey,Clothes,H,2005,109.28,35.84,2015,3-7-2015
Iceland,Vegetables,C,5638,154.06,90.93,2017,6-6-2017
Germany,Cereal,C,5272,205.7,117.11,2016,11-6-2016
Turkey,Cereal,C,2926,205.7,117.11,2015,8-2-2015
Norway,Vegetables,M,6050,154.06,90.93,2015,8-8-2015
Germany,Vegetables,M,7197,154.06,90.93,2015,2-6-2015
Iceland,Vegetables,H,3795,154.06,90.93,2016,6-5-2016
Norway,Vegetables,M,7173,154.06,90.93,2015,9-10-2015
Norway,Meat,C,8689,421.89,364.69,2016,7-5-2016
Iceland,Clothes,L,9545,109.28,35.84,2017,4-3-2017
Iceland,Meat,C,5838,421.89,364.69,2016,12-2-2016
Turkey,Vegetables,H,51,154.06,90.93,2015,3-4-2015
Finland,Cereal,C,9269,205.7,117.11,2015,12-9-2015
Norway,Cereal,L,4575,205.7,117.11,2015,4-2-2015
Iceland,Clothes,H,4552,109.28,35.84,2017,5-8-2017
Turkey,Cereal,H,4708,205.7,117.11,2015,4-9-2015
Germany,Meat,L,9805,421.89,364.69,2015,5-9-2015
Germany,Cereal,C,5520,205.7,117.11,2016,5-11-2016
Norway,Cereal,M,1116,205.7,117.11,2015,7-12-2015
Finland,Meat,L,1978,421.89,365.45,2016,9-5-2016
Finland,Clothes,C,6783,109.28,35.84,2017,2-3-2017
Norway,Vegetables,L,4958,154.06,90.93,2016,3-3-2016
Norway,Meat,L,8175,421.89,364.69,2017,1-12-2017
Finland,Cereal,H,8585,205.7,117.11,2016,5-1-2016
Finland,Meat,M,6625,421.89,365.2,2015,9-4-2015
Iceland,Meat,C,6393,421.89,364.69,2016,11-12-2016
Turkey,Cereal,H,8959,205.7,117.11,2017,1-12-2017
Norway,Cereal,C,4912,205.7,117.11,2016,5-6-2016
Turkey,Meat,C,5345,421.89,364.69,2016,5-7-2016
Germany,Clothes,M,4256,109.28,35.84,2016,8-9-2016
Finland,Meat,M,6376,421.89,364.69,2016,3-1-2016
Iceland,Clothes,H,9427,109.28,35.84,2015,1-4-2015
Iceland,Meat,H,4710,421.89,364.69,2016,3-7-2016
Norway,Cereal,H,7102,205.7,117.11,2015,11-10-2015
Turkey,Cereal,M,6650,205.7,121.2,2015,4-11-2015
Norway,Vegetables,L,7043,154.06,90.93,2016,1-12-2016
Norway,Cereal,M,9670,205.7,117.11,2016,12-8-2016
Iceland,Clothes,C,2933,109.28,35.84,2015,11-7-2015
Finland,Cereal,H,3691,205.7,117.11,2015,6-8-2015
Norway,Clothes,H,5814,109.28,35.84,2016,2-5-2016
Germany,Cereal,M,1139,205.7,117.11,2017,5-2-2017
Turkey,Vegetables,M,2707,154.06,93.2,2015,6-9-2015
Turkey,Vegetables,H,268,154.06,90.93,2016,6-1-2016
Finland,Meat,M,7716,421.89,364.69,2017,7-3-2017
Norway,Meat,H,5183,421.89,364.69,2015,9-2-2015
Germany,Meat,H,4185,421.89,364.69,2016,10-9-2016
Turkey,Clothes,L,9460,109.28,35.84,2016,7-4-2016
Germany,Meat,L,6158,421.89,364.69,2017,6-8-2017
Germany,Clothes,C,5324,109.28,35.84,2016,1-11-2016
Norway,Clothes,M,8164,109.28,35.84,2015,12-5-2015
Germany,Clothes,H,6712,109.28,39.25,2016,2-2-2016
Germany,Clothes,L,2916,109.28,35.84,2015,4-9-2015
Germany,Meat,H,1618,421.89,364.69,2015,9-12-2015
Turkey,Cereal,M,8881,205.7,117.11,2015,4-4-2015
Finland,Cereal,L,9647,205.7,117.11,2015,2-8-2015
Norway,Clothes,C,5154,109.28,35.84,2016,7-1-2016
Iceland,Meat,M,6900,421.89,364.69,2015,9-11-2015
Norway,Cereal,M,7190,205.7,117.11,2017,6-12-2017
Norway,Clothes,H,6311,109.28,35.84,2015,2-11-2015
Norway,Meat,C,6866,421.89,364.69,2016,5-9-2016
Germany,Clothes,M,1440,109.28,36.3,2016,1-8-2016
Norway,Meat,C,8631,421.89,364.69,2015,8-1-2015
Iceland,Vegetables,L,2573,154.06,90.93,2017,5-2-2017
Norway,Vegetables,C,6665,154.06,90.93,2016,11-11-2016
Iceland,Vegetables,C,9781,154.06,90.93,2016,10-3-2016
Iceland,Meat,M,5472,421.89,364.69,2015,3-3-2015
Turkey,Clothes,L,7140,109.28,35.84,2017,5-2-2017
Turkey,Cereal,H,2388,205.7,117.11,2016,2-6-2016
Iceland,Clothes,M,1121,109.28,35.84,2015,7-4-2015
Turkey,Cereal,H,3994,205.7,118.75,2015,1-3-2015
Turkey,Meat,M,2659,421.89,364.69,2015,6-4-2015
Turkey,Meat,C,7914,421.89,364.69,2015,1-11-2015
Turkey,Vegetables,H,8910,154.06,90.93,2017,1-6-2017
Germany,Clothes,H,9995,109.28,35.84,2015,1-12-2015
Finland,Vegetables,H,6145,154.06,90.93,2016,1-7-2016
Norway,Meat,M,2498,421.89,364.69,2017,7-11-2017
Iceland,Clothes,C,5005,109.28,35.84,2015,7-7-2015
Turkey,Meat,H,9519,421.89,366.35,2016,5-2-2016
Turkey,Clothes,C,7960,109.28,35.84,2017,4-1-2017
Norway,Cereal,M,7922,205.7,117.11,2015,10-10-2015
Germany,Vegetables,C,1298,154.06,90.93,2016,5-10-2016
Turkey,Clothes,H,2848,109.28,35.84,2017,7-1-2017
Norway,Cereal,H,7337,205.7,117.11,2015,3-4-2015
Turkey,Meat,L,3244,421.89,364.69,2016,1-10-2016
Iceland,Meat,H,1050,421.89,365.5,2015,9-3-2015
Finland,Clothes,C,226,109.28,35.84,2016,5-10-2016
Germany,Vegetables,C,1081,154.06,90.93,2015,2-9-2015
Turkey,Cereal,C,446,205.7,117.11,2016,2-4-2016
Turkey,Clothes,H,8793,109.28,35.84,2017,5-12-2017
Iceland,Meat,M,597,421.89,364.69,2017,7-6-2017
Norway,Clothes,M,950,109.28,36.23,2015,11-9-2015
Iceland,Meat,L,9002,421.89,364.69,2016,1-7-2016
Germany,Clothes,M,260,109.28,35.84,2015,1-1-2015
Norway,Clothes,L,5372,109.28,35.84,2015,5-8-2015
Iceland,Clothes,C,5413,109.28,35.84,2015,5-4-2015
Finland,Vegetables,C,5077,154.06,90.93,2016,8-4-2016
Norway,Cereal,H,6388,205.7,117.11,2015,8-6-2015
Finland,Vegetables,M,8247,154.06,90.93,2016,5-3-2016
Norway,Cereal,C,7232,205.7,118.42,2015,7-9-2015
Norway,Meat,M,2822,421.89,364.69,2016,1-11-2016
Norway,Vegetables,H,4823,154.06,90.93,2015,11-11-2015
Finland,Clothes,C,4711,109.28,35.84,2017,6-6-2017
Iceland,Clothes,M,6729,109.28,35.84,2016,9-1-2016
Germany,Vegetables,C,3064,154.06,90.93,2015,8-1-2015
Finland,Vegetables,C,4860,154.06,90.93,2015,5-7-2015
Turkey,Cereal,M,6402,205.7,117.11,2015,10-8-2015
Turkey,Vegetables,L,2955,154.06,94.2,2017,5-5-2017
Finland,Vegetables,C,3006,154.06,90.93,2016,12-5-2016
Iceland,Cereal,M,8731,205.7,117.11,2016,9-10-2016
Germany,Meat,L,5998,421.89,364.69,2017,2-12-2017
Finland,Cereal,L,2935,205.7,117.11,2017,2-4-2017
Germany,Vegetables,C,1329,154.06,90.93,2017,1-5-2017
Finland,Clothes,L,7161,109.28,35.84,2016,4-5-2016
Germany,Meat,M,5662,421.89,364.69,2016,1-9-2016
Norway,Meat,H,3577,421.89,366.31,2016,10-5-2016
Norway,Clothes,M,3022,109.28,35.84,2015,7-9-2015
Turkey,Vegetables,H,8693,154.06,90.93,2015,10-8-2015
Iceland,Vegetables,M,3040,154.06,90.93,2015,9-11-2015
Germany,Meat,C,1529,421.89,364.69,2016,7-3-2016
Germany,Clothes,L,1341,109.28,35.84,2017,1-6-2017
Finland,Meat,H,5645,421.89,364.69,2015,6-11-2015
Norway,Cereal,L,1630,205.7,117.11,2015,1-2-2015
Finland,Clothes,M,6825,109.28,36,2015,3-2-2015
Finland,Meat,H,5862,421.89,364.69,2016,9-8-2016
Finland,Clothes,M,7379,109.28,35.84,2015,2-10-2015
Norway,Clothes,M,7916,109.28,35.84,2016,6-2-2016
Iceland,Meat,C,230,421.89,364.69,2015,10-4-2015
Norway,Cereal,L,1772,205.7,117.11,2017,4-4-2017
Finland,Clothes,L,6212,109.28,35.84,2016,9-7-2016
Turkey,Clothes,H,4951,109.28,35.84,2015,6-4-2015
Finland,Meat,M,5893,421.89,364.69,2017,5-6-2017
Turkey,Cereal,M,2724,205.7,117.11,2017,3-12-2017
Finland,Clothes,M,1076,109.28,35.84,2016,12-5-2016
Finland,Vegetables,M,7782,154.06,90.93,2015,8-1-2015
Turkey,Vegetables,H,605,154.06,92.24,2015,2-12-2015
Iceland,Clothes,C,6287,109.28,35.84,2015,12-3-2015
Finland,Vegetables,H,6642,154.06,90.93,2015,1-12-2015
Turkey,Vegetables,C,3074,154.06,90.93,2017,3-11-2017
Norway,Vegetables,C,6417,154.06,90.93,2017,5-9-2017
Norway,Meat,C,7491,421.89,364.69,2017,6-5-2017
Iceland,Clothes,M,7691,109.28,35.84,2016,6-9-2016
Turkey,Cereal,C,854,205.7,117.11,2015,12-2-2015
Germany,Cereal,H,1517,205.7,117.11,2016,7-2-2016
Norway,Vegetables,M,3979,154.06,90.93,2015,12-9-2015
Norway,Vegetables,C,8489,154.06,92.25,2017,1-7-2017
Turkey,Vegetables,H,6373,154.06,90.93,2016,8-6-2016
Turkey,Cereal,L,575,205.7,117.11,2015,10-3-2015
Iceland,Cereal,H,6381,205.7,117.11,2016,11-11-2016
Norway,Clothes,M,9344,109.28,35.84,2016,12-11-2016
Turkey,Vegetables,L,9849,154.06,90.93,2016,10-12-2016
Finland,Meat,M,8678,421.89,364.69,2017,4-10-2017
Germany,Clothes,M,2097,109.28,35.84,2015,5-9-2015
Germany,Vegetables,M,7414,154.06,91,2016,5-6-2016
Iceland,Cereal,H,7272,205.7,117.11,2015,7-5-2015
Germany,Clothes,C,5603,109.28,35.84,2016,3-12-2016
Finland,Clothes,C,8389,109.28,35.84,2016,1-2-2016
Norway,Cereal,L,2810,205.7,117.11,2016,1-9-2016
Iceland,Cereal,M,89,205.7,117.11,2016,2-4-2016
Turkey,Clothes,C,8208,109.28,35.84,2016,10-3-2016
Germany,Cereal,L,3578,205.7,117.11,2016,5-9-2016
Finland,Meat,L,3832,421.89,364.69,2015,2-5-2015
Finland,Vegetables,M,7138,154.06,91,2016,6-12-2016
Finland,Vegetables,L,3632,154.06,90.93,2015,8-9-2015
Turkey,Clothes,L,8103,109.28,35.84,2017,2-7-2017
Finland,Meat,M,6141,421.89,364.69,2016,11-8-2016
Turkey,Vegetables,M,2299,154.06,90.93,2015,8-12-2015
Turkey,Meat,C,4880,421.89,364.69,2015,8-5-2015
Norway,Meat,C,7114,421.89,364.69,2015,11-11-2015
Germany,Clothes,H,242,109.28,35.84,2016,12-8-2016
Norway,Clothes,C,3814,109.28,35.84,2015,3-1-2015
Norway,Cereal,C,6983,205.7,117.11,2016,1-4-2016
Germany,Clothes,L,845,109.28,35.84,2015,8-9-2015
Turkey,Meat,H,9856,421.89,364.69,2015,1-12-2015
Finland,Cereal,C,8555,205.7,117.11,2015,9-4-2015
Turkey,Clothes,C,280,109.28,38.56,2016,6-3-2016
Turkey,Cereal,M,5452,205.7,117.11,2016,3-11-2016
Finland,Vegetables,M,7764,154.06,90.93,2017,7-9-2017
Turkey,Vegetables,L,723,154.06,90.93,2017,5-12-2017
Germany,Clothes,L,3878,109.28,35.84,2017,6-9-2017
Iceland,Clothes,C,2450,109.28,35.84,2017,1-11-2017
Norway,Cereal,H,6854,205.7,117.11,2016,5-8-2016
Germany,Meat,M,6040,421.89,364.69,2015,3-11-2015
Norway,Meat,M,2981,421.89,364.69,2016,5-6-2016
Norway,Vegetables,M,3730,154.06,90.93,2016,6-5-2016
Finland,Meat,M,9659,421.89,366.54,2015,2-10-2015
Turkey,Meat,M,3067,421.89,364.69,2015,4-1-2015
Finland,Vegetables,H,4322,154.06,90.93,2015,11-11-2015
Finland,Clothes,L,9481,109.28,35.84,2015,6-8-2015
Finland,Vegetables,L,904,154.06,90.93,2016,8-9-2016
Norway,Meat,M,7533,421.89,364.69,2015,7-2-2015
Turkey,Meat,H,5376,421.89,364.69,2017,1-2-2017
Iceland,Cereal,M,7768,205.7,117.11,2016,12-2-2016
Norway,Vegetables,H,1571,154.06,90.93,2015,3-6-2015
Norway,Cereal,L,1204,205.7,117.11,2017,2-11-2017
Turkey,Meat,H,6822,421.89,364.69,2015,8-6-2015
Norway,Clothes,H,5757,109.28,35.84,2015,3-2-2015
Iceland,Vegetables,M,5986,154.06,90.93,2015,12-10-2015
Turkey,Cereal,L,5966,205.7,118.25,2015,9-2-2015
Turkey,Meat,L,3869,421.89,364.69,2017,2-5-2017
Finland,Vegetables,L,687,154.06,90.93,2015,5-12-2015
Norway,Cereal,M,8547,205.7,117.11,2016,11-5-2016
Turkey,Clothes,C,9171,109.28,35.84,2016,7-12-2016
Finland,Meat,H,3076,421.89,364.69,2016,10-5-2016
Norway,Clothes,L,2644,109.28,35.84,2016,5-8-2016
Germany,Vegetables,L,8264,154.06,90.93,2016,12-2-2016
Germany,Meat,C,1659,421.89,364.69,2016,3-1-2016
Germany,Meat,M,5822,421.89,364.69,2016,5-4-2016
Finland,Vegetables,M,8962,154.06,90.93,2016,8-8-2016
Turkey,Clothes,C,1402,109.28,35.84,2016,7-5-2016
Iceland,Vegetables,C,1387,154.06,92.5,2015,9-1-2015
Turkey,Vegetables,L,1366,154.06,90.93,2016,7-1-2016
Germany,Vegetables,C,3152,154.06,90.93,2017,3-3-2017
Turkey,Clothes,C,8923,109.28,35.84,2017,1-8-2017
Germany,Meat,C,8713,421.89,364.69,2015,12-2-2015
Turkey,Cereal,C,8622,205.7,117.11,2015,12-9-2015
Turkey,Vegetables,C,4897,154.06,90.93,2017,5-7-2017
Finland,Vegetables,L,2669,154.06,90.93,2015,11-1-2015
Iceland,Vegetables,C,7710,154.06,90.93,2017,2-3-2017
Germany,Vegetables,M,4717,154.06,90.93,2015,8-11-2015
Iceland,Clothes,C,4056,109.28,35.84,2015,12-9-2015
Turkey,Meat,H,7753,421.89,366.5,2017,2-8-2017
Finland,Clothes,C,8478,109.28,35.84,2015,3-12-2015
Turkey,Meat,L,4118,421.89,364.69,2016,8-9-2016
Turkey,Vegetables,M,7601,154.06,90.93,2016,5-3-2016
Iceland,Cereal,C,3010,205.7,117.11,2016,5-1-2016
Germany,Meat,C,2243,421.89,364.69,2016,10-8-2016
Iceland,Clothes,C,5253,109.28,35.84,2015,1-9-2015
Turkey,Cereal,H,942,205.7,117.11,2017,7-4-2017
Germany,Vegetables,L,9387,154.06,92.5,2017,1-3-2017
Turkey,Clothes,M,2501,109.28,35.84,2016,8-4-2016
Norway,Vegetables,L,3601,154.06,90.93,2016,10-8-2016
Turkey,Clothes,M,6484,109.28,35.84,2015,8-9-2015
Germany,Meat,C,1907,421.89,364.69,2015,9-3-2015
Iceland,Vegetables,H,3329,154.06,90.93,2015,9-3-2015
Turkey,Vegetables,M,9189,154.06,90.93,2017,3-8-2017
Iceland,Vegetables,M,2792,154.06,90.93,2016,3-9-2016
Finland,Clothes,M,2682,109.28,35.84,2015,11-2-2015
Norway,Clothes,H,3902,109.28,35.84,2016,10-1-2016
Norway,Vegetables,H,4108,154.06,92,2015,8-6-2015
Norway,Cereal,H,9422,205.7,117.11,2015,1-12-2015
Finland,Clothes,H,7,109.28,35.84,2017,7-3-2017
Germany,Clothes,C,6229,109.28,35.84,2017,4-8-2017
Norway,Meat,M,4587,421.89,364.69,2015,4-3-2015
Norway,Meat,M,4179,421.89,364.69,2015,6-6-2015
Germany,Vegetables,H,3022,154.06,90.93,2017,7-5-2017
Norway,Clothes,L,3766,109.28,35.84,2016,6-10-2016
Germany,Vegetables,C,703,154.06,90.93,2015,12-10-2015
Turkey,Meat,M,339,421.89,367.25,2016,4-1-2016
Iceland,Meat,M,3400,421.89,364.69,2015,7-3-2015
Iceland,Meat,C,1104,421.89,364.69,2016,5-3-2016
Finland,Cereal,M,993,205.7,117.11,2017,2-3-2017
Turkey,Clothes,C,9082,109.28,35.84,2017,5-3-2017
Finland,Meat,C,3454,421.89,364.69,2015,12-6-2015
Finland,Clothes,C,5120,109.28,35.84,2017,4-3-2017
Finland,Clothes,L,4375,109.28,35.84,2016,5-2-2016
Germany,Cereal,H,9694,205.7,117.11,2016,5-6-2016
Finland,Cereal,H,248,205.7,117.11,2016,3-3-2016
Finland,Cereal,L,4133,205.7,117.11,2016,3-7-2016
Norway,Meat,L,5389,421.89,364,2017,2-8-2017
Turkey,Meat,H,8645,421.89,364.69,2015,10-2-2015
Norway,Vegetables,H,2662,154.06,90.93,2017,1-2-2017
Finland,Vegetables,C,774,154.06,90.93,2016,12-12-2016
Germany,Vegetables,L,6192,154.06,90.93,2017,4-3-2017
Norway,Vegetables,L,7119,154.06,90.93,2015,1-10-2015
Iceland,Meat,H,3530,421.89,364.69,2015,3-1-2015
Iceland,Cereal,C,1404,205.7,117.11,2017,6-3-2017
Germany,Cereal,H,1021,205.7,117.11,2015,2-2-2015
Finland,Cereal,H,2977,205.7,117.11,2015,3-3-2015
Turkey,Clothes,M,5752,109.28,35.84,2017,4-11-2017
Germany,Vegetables,H,5751,154.06,90.93,2016,7-4-2016
Germany,Vegetables,C,2043,154.06,92.1,2017,4-11-2017
Iceland,Cereal,L,3388,205.7,117.11,2015,7-2-2015
Turkey,Vegetables,L,4560,154.06,90.93,2016,4-2-2016
Iceland,Cereal,M,9929,205.7,117.11,2015,10-11-2015
Germany,Meat,L,709,421.89,364.69,2016,8-3-2016
Norway,Vegetables,M,4604,154.06,90.93,2017,1-4-2017
Iceland,Cereal,L,2905,205.7,117.11,2016,9-5-2016
Germany,Vegetables,H,5094,154.06,90.93,2017,3-5-2017
Germany,Vegetables,L,9356,154.06,90.93,2016,5-8-2016
Iceland,Clothes,C,6376,109.28,35.84,2015,2-10-2015
Germany,Vegetables,H,2397,154.06,90.93,2016,6-8-2016
Turkey,Clothes,H,4542,109.28,35.84,2015,8-7-2015
